1332.JP, Nippon Suisan Kaisha Ltd
1605.JP, Inpex Corp
1721.JP, COMSYS Holdings Corp
1801.JP, Taisei Corp
1802.JP, Obayashi Corp
1803.JP, Shimizu Corp
1808.JP, Haseko Corp
1812.JP, Kajima Corp
1925.JP, Daiwa House Industry Co Ltd
1928.JP, Sekisui House Ltd
1963.JP, JGC Corp
2002.JP, Nisshin Seifun Group Inc
2269.JP, MEIJI Holdings Co Ltd
2282.JP, NH Foods Ltd
2432.JP, DeNA Co Ltd
2501.JP, Sapporo Holdings Ltd
2502.JP, Asahi Group Holdings Ltd
2503.JP, Kirin Holdings Co Ltd
2531.JP, Takara Holdings Inc
2801.JP, Kikkoman Corp
2802.JP, Ajinomoto Co Inc
2871.JP, Nichirei Corp
2914.JP, Japan Tobacco Inc
3086.JP, J Front Retailing Co Ltd
3099.JP, Isetan Mitsukoshi Holdings Ltd
3101.JP, Toyobo Co Ltd
3105.JP, Nisshinbo Holdings Inc
3382.JP, Seven & i Holdings Co Ltd
3401.JP, Teijin Ltd
3405.JP, Kuraray Co Ltd
3407.JP, Asahi Kasei Corp
3436.JP, Sumco Corp
3865.JP, Hokuetsu Corp
4004.JP, Showa Denko KK
4021.JP, Nissan Chemical Corp
4042.JP, Tosoh Corp
4043.JP, Tokuyama Corp
4061.JP, Denka Co Ltd
4063.JP, Shin-Etsu Chemical Co Ltd
4151.JP, Kyowa Hakko Kirin Co Ltd
4183.JP, Mitsui Chemicals Inc
4208.JP, Ube Industries Ltd
4272.JP, Nippon Kayaku Co Ltd
4324.JP, Dentsu Inc
4452.JP, Kao Corp
4502.JP, Takeda Pharmaceutical Co Ltd
4503.JP, Astellas Pharma Inc
4506.JP, Sumitomo Dainippon Pharma Co Ltd
4507.JP, Shionogi & Co Ltd
4519.JP, Chugai Pharmaceutical Co Ltd
4523.JP, Eisai Co Ltd
4543.JP, Terumo Corp
4568.JP, Daiichi Sankyo Co Ltd
4704.JP, Trend Micro Inc-Japan
4755.JP, Rakuten Inc
4901.JP, FUJIFILM Holdings Corp
4902.JP, Konica Minolta Inc
4911.JP, Shiseido Co Ltd
5101.JP, Yokohama Rubber Co Ltd-The
5108.JP, Bridgestone Corp
5201.JP, AGC Inc-Japan
5202.JP, Nippon Sheet Glass Co Ltd
5214.JP, Nippon Electric Glass Co Ltd
5232.JP, Sumitomo Osaka Cement Co Ltd
5233.JP, Taiheiyo Cement Corp
5301.JP, Tokai Carbon Co Ltd
5332.JP, TOTO Ltd
5333.JP, NGK Insulators Ltd
5401.JP, Nippon Steel & Sumitomo Metal Corp
5406.JP, Kobe Steel Ltd
5411.JP, JFE Holdings Inc
5541.JP, Pacific Metals Co Ltd
5631.JP, Japan Steel Works Ltd-The
5706.JP, Mitsui Mining & Smelting Co Ltd
5707.JP, Toho Zinc Co Ltd
5711.JP, Mitsubishi Materials Corp
5713.JP, Sumitomo Metal Mining Co Ltd
5714.JP, Dowa Holdings Co Ltd
5801.JP, Furukawa Electric Co Ltd
5901.JP, Toyo Seikan Group Holdings Ltd
6103.JP, OKUMA Corp
6113.JP, Amada Holdings Co Ltd
6301.JP, Komatsu Ltd
6302.JP, Sumitomo Heavy Industries Ltd
6305.JP, Hitachi Construction Machinery Co Ltd
6326.JP, Kubota Corp
6361.JP, Ebara Corp
6367.JP, Daikin Industries Ltd
6471.JP, NSK Ltd
6473.JP, JTEKT Corp
6479.JP, MINEBEA MITSUMI Inc
6501.JP, Hitachi Ltd
6502.JP, Toshiba Corp
6503.JP, Mitsubishi Electric Corp
6504.JP, Fuji Electric Co Ltd
6506.JP, Yaskawa Electric Corp
6508.JP, Meidensha Corp
6674.JP, GS Yuasa Corp
6701.JP, NEC Corp
6702.JP, Fujitsu Ltd
6703.JP, Oki Electric Industry Co Ltd
6752.JP, Panasonic Corp
6758.JP, Sony Corp
6762.JP, TDK Corp
6770.JP, Alps Electric Co Ltd
6841.JP, Yokogawa Electric Corp
6857.JP, Advantest Corp
6861.JP, Keyence Corp
6902.JP, Denso Corp
6952.JP, Casio Computer Co Ltd
6954.JP, FANUC Corp
6971.JP, Kyocera Corp
6976.JP, Taiyo Yuden Co Ltd
6988.JP, Nitto Denko Corp
7003.JP, Mitsui E&S Holdings Co Ltd
7011.JP, Mitsubishi Heavy Industries Ltd
7012.JP, Kawasaki Heavy Industries Ltd
7013.JP, IHI Corp
7201.JP, Nissan Motor Co Ltd
7202.JP, Isuzu Motors Ltd
7203.JP, Toyota Motor Corp
7205.JP, Hino Motors Ltd
7261.JP, Mazda Motor Corp
7267.JP, Honda Motor Co Ltd
7269.JP, Suzuki Motor Corp
7270.JP, Subaru Corp
7272.JP, Yamaha Motor Co Ltd
7731.JP, Nikon Corp
7733.JP, Olympus Corp
7735.JP, SCREEN Holdings Co Ltd
7751.JP, Canon Inc
7752.JP, Ricoh Co Ltd
7762.JP, Citizen Watch Co Ltd
7911.JP, Toppan Printing Co Ltd
7912.JP, Dai Nippon Printing Co Ltd
7951.JP, Yamaha Corp
7974.JP, Nintendo Co Ltd
8001.JP, ITOCHU Corp
8015.JP, Toyota Tsusho Corp
8031.JP, Mitsui & Co Ltd
8035.JP, Tokyo Electron Ltd
8053.JP, Sumitomo Corp
8058.JP, Mitsubishi Corp
8185.JP, Chiyoda Co Ltd
8233.JP, Takashimaya Co Ltd
8252.JP, Marui Group Co Ltd
8253.JP, Credit Saison Co Ltd
8267.JP, Aeon Co Ltd
8303.JP, Shinsei Bank Ltd
8304.JP, Aozora Bank Ltd
8316.JP, Sumitomo Mitsui Financial Group Inc
8331.JP, Chiba Bank Ltd-The
8354.JP, Fukuoka Financial Group Inc
8355.JP, Shizuoka Bank Ltd-The
8591.JP, ORIX Corp
8628.JP, Matsui Securities Co Ltd
8630.JP, Sompo Holdings Inc
8725.JP, MS&AD Insurance Group Holdings Inc
8729.JP, Sony Financial Holdings Inc
8766.JP, Tokio Marine Holdings Inc
8795.JP, T&D Holdings Inc
8801.JP, Mitsui Fudosan Co Ltd
8802.JP, Mitsubishi Estate Co Ltd
8804.JP, Tokyo Tatemono Co Ltd
8830.JP, Sumitomo Realty & Development Co Ltd
9001.JP, Tobu Railway Co Ltd
9005.JP, Tokyu Corp
9007.JP, Odakyu Electric Railway Co Ltd
9008.JP, Keio Corp
9009.JP, Keisei Electric Railway Co Ltd
9020.JP, East Japan Railway Co
9021.JP, West Japan Railway Co
9022.JP, Central Japan Railway Co
9062.JP, Nippon Express Co Ltd
9064.JP, Yamato Holdings Co Ltd
9101.JP, Nippon Yusen KK
9104.JP, Mitsui OSK Lines Ltd
9107.JP, Kawasaki Kisen Kaisha Ltd
9202.JP, ANA Holdings Inc
9301.JP, Mitsubishi Logistics Corp
9432.JP, Nippon Telegraph & Telephone Corp
9433.JP, KDDI Corp
9501.JP, Tokyo Electric Power Co Holdings Inc
9502.JP, Chubu Electric Power Co Inc
9503.JP, Kansai Electric Power Co Inc-The
9531.JP, Tokyo Gas Co Ltd
9532.JP, Osaka Gas Co Ltd
9602.JP, Toho Co Ltd-Tokyo
9613.JP, NTT Data Corp
9735.JP, Secom Co Ltd
9766.JP, Konami Holdings Corp
9983.JP, Fast Retailing Co Ltd
9984.JP, SoftBank Group Corp
