A, Agilent Technologies Inc
AA, Alcoa Inc.
AAT, American Assets Trust Inc
ABB, ABB Ltd
ABBV, AbbVie Inc
ABEV, Ambev SA
ABM, ABM Industries Inc
ABR, Arbor Realty Trust Inc
ABT, Abbott Laboratories
ABX, GOLD Barrick Gold Corp.
ACB, Aurora Cannabis Inc
ACC, American Campus Communities Inc
ACCO, ACCO Brands Corp
ACH, Aluminum Corp of China Ltd ADR
ACI, Albertsons Companies Inc
ACM, AECOM
ACN, Accenture PLC
ACRE, Ares Commercial Real Estate Corp
ADBE, Adobe Systems Inc
ADC, Agree Realty Corp
ADM.US, Archer-Daniels-Midland Co
ADNT, Adient PLC
ADSK, Autodesk Inc
ADT, ADT Inc
AEE, Ameren Corp
AEG, Aegon NV
AEL, American Equity Investment Life Holding Co
AEM, Agnico Eagle Mines Ltd
AEO, American Eagle Outfitters Inc.
AEP, American Electric Power Co Inc
AER, Aercap Holdings NV
AES, The AES Corp.
AFI, Armstrong Flooring Inc
AG, First Majestic Silver Corp
AGCO, AGCO Corp
AGI, Alamos Gold Inc
AGM, Federal Agricultural Mortgage Corp
AGNC, AGNC Investment Corp
AGO, Assured Guaranty Ltd
AGRO, Adecoagro SA
AGX, Argan Inc
AHC, AH Belo Corp
AHH, Armada Hoffler Properties Inc
AI.US, C3.ai Inc
AIG, American International Group Inc
AIN, Albany International Corp
AIT, Applied Industrial Technologies Inc
AJG, Arthur J Gallagher & Co
AJRD, Aerojet Rocketdyne Holdings Inc
AJX, Great Ajax Corp
AKO.A, Embotelladora Andina SA (Class A)
AKO.B, Embotelladora Andina SA (Class B)
AKR, Acadia Realty Trust
AL, Air Lease Corp
ALB.US, Albemarle Corp
ALC, Alcon Inc
ALE, ALLETE Inc
ALEX, Alexander & Baldwin Inc
ALG, Alamo Group Inc
ALGN, Align Technology Inc
ALL, Allstate Corp-The
ALLE, Allegion PLC
ALLY, Ally Financial Inc.
ALSN.US, Allison Transmission Holdings Inc
ALX, Alexander's Inc
ALXN, Alexion Pharmaceuticals Inc
AM.US, Antero Midstream Corp
AMC, AMC Entertainment Holdings Inc
AMCR, Amcor PLC
AMD, Advanced Micro Devices Inc
AME, AMETEK Inc
AMGN, Amgen Inc
AMH, American Homes 4 Rent
AMN, AMN Healthcare Services Inc
AMOV, America Movil SAB de CV ADR
AMP, Ameriprise Financial Inc
AMRC, Ameresco Inc
AMWL, American Well Corp (Class A)
AMX, America Movil SAB de CV
AN, AutoNation Inc
ANET, Arista Networks Inc
ANF, Abercrombie&Fitch Co. (class A)
ANH, Anworth Mortgage Asset Corp
ANSS, ANSYS Inc
AON, Aon PLC
AOS, AO Smith Corp
APA, Apache Corp
APAM1, Artisan Partners Asset Management Inc
APD, Air Products & Chemicals Inc
APH, Amphenol Corp
APHA, Aphria Inc
APLE, Apple Hospitality REIT Inc
APO, Apollo Global Management LLC
APRN, Blue Apron Holdings Inc
APTV, Aptiv PLC
AQN, Algonquin Power & Utilities Corp
AQUA, Evoqua Water Technologies Corp
AR, Antero Resources Corp
ARA, American Renal Associates Holdings Inc
ARC, ARC Document Solutions Inc
ARCC, Ares Capital Corp
ARCH, Arch Coal Inc
ARCO, Arcos Dorados Holdings Inc
ARD, Ardagh Group SA
ARE, Alexandria Real Estate Equities Inc
ARES, Ares Management LP
ARI, Apollo Commercial Real Estate Finance Inc
ARNC, Arconic Inc
AROC, Archrock Inc
ARR, ARMOUR Residential REIT Inc
ASAN, Asana Inc
ASB, Associated Banc-Corp
ASC, Ardmore Shipping Corp
ASGN, On Assignment Inc
ASH, Ashland Global Holdings Inc
ASIX, AdvanSix Inc
ASR, Grupo Aeroportuario del Sureste SAB de CV
ASX, ASE Technology Holding Co Ltd ADR
AT, Atlantic Power Corp
ATEN, A10 Networks Inc
ATGE, Adtalem Global Education Inc
ATH, Athene Holding Ltd
ATHM, Autohome Inc ADR
ATI, Allegheny Technologies Inc
ATKR, Atkore International Group Inc
ATO, Atmos Energy Corp
ATR, AptarGroup
ATTO, Atento SA
ATUS, Altice USA Inc
AU, AngloGold Ashanti Ltd
AVA, Avista Corporation
AVAL, Grupo Aval Acciones y Valores SA
AVD, American Vanguard Corp
AVT, Avnet Inc
AVTR, Avantor Inc
AVYA, Avaya Holdings Corp
AWI, Armstrong World Industries Inc
AWK, American Water Works Co Inc
AWR, American States Water Co
AXL, American Axle & Manufacturing Holdings Inc
AXP, American Express Co.
AXTA, Axalta Coating Systems Ltd
AYI, Acuity Brands Inc.
AYX, Alteryx Inc
AZN, AstraZeneca PLC ADR
AZO, AutoZone Inc
AZUL, Azul SA
AZZ, AZZ Inc
B, Barnes Group Inc
BA, Boeing Co.
BABA, ALIBABA.COM LTD. ADR
BAC, Bank of America Corp.
BAH, Booz Allen Hamilton Holding Corp
BAK, Braskem SA
BAM, Brookfield Asset Management Inc
BANC, Banc of California Inc
BAX, Baxter International Inc
BB, BlackBerry Ltd
BBD, Banco Bradesco SA
BBL, BHP Billiton PLC
BBU, Brookfield Business Partners LP
BBW, Build-A-Bear Workshop Inc
BBY, Best Buy Co Inc.
BC, Brunswick Corp-DE
BCC, Boise Cascade Co
BCE, BCE Inc
BCEI, Bonanza Creek Energy Inc
BCH, Banco de Chile ADR
BCO, Brink's Co-The
BCS, Barclays PLC
BDC, Belden Inc
BDN, Brandywine Realty Trust
BDX, Becton Dickinson and Co
BE, Bloom Energy Corp (Class A)
BEN, Franklin Resources Inc
BEP, Brookfield Renewable Partners LP
BERY, Berry Global Group Inc
BEST, BEST Inc ADR
BF.B, Brown-Forman Inc (Class B)
BFA, Brown-Forman Corp
BFAM, Bright Horizons Family Solutions Inc
BFS, Saul Centers Inc
BG, Bunge Ltd
BHC, Bausch Health Cos Inc
BHE, Benchmark Electronics Inc
BHF, Brighthouse Financial Inc
BHLB, Berkshire Hills Bancorp
BHP, BHP Billiton Ltd
BHVN, Biohaven Pharmaceutical Holding Co Ltd
BIDU, Baidu Inc ADR
BIG, Big Lots Inc
BIIB, Biogen Inc
BILL.US, Bill.Com Holdings Inc
BIO, Bio-Rad Laboratories Inc
BJ, BJ's Wholesale Club Holdings Inc
BKD, Brookdale Senior Living Inc
BKE, Buckle Inc-The
BKH, Black Hills Corp
BKI, Black Knight Inc
BKR, Baker Hughes Co
BKU, BankUnited Inc
BLD, TopBuild Corp
BLK, BlackRock Inc
BLX, Banco Latinoamericano de Comercio Exterior SA
BMA, Banco Macro SA
BMI, Badger Meter Inc
BMO, Bank Of Montreal
BMRN, BioMarin Pharmaceutical Inc
BMY, Bristol-Myers Squibb Co.
BNED, Barnes & Noble Education Inc
BNL, Broadstone Net Lease Inc (Class A)
BNS, Bank of Nova Scotia-The
BOH, Bank of Hawaii Corp
BOKF, BOK Financial Corp
BOOT, Boot Barn Holdings Inc
BOX, Box Inc
BPMP, BP Midstream Partners LP
BPY, Brookfield Property Partners LP
BRC, Brady Corp
BRKB, Berkshire Hathaway Inc (Class B)
BRMK, Broadmark Realty Capital Inc
BRO, Brown & Brown Inc
BRT, BRT Apartments Corp
BRX, Brixmor Property Group Inc
BSAC, Banco Santander Chile ADR
BSM, Black Stone Minerals LP
BSX, Boston Scientific Corp.
BTE, Baytex Energy Corp
BTI, British American Tobacco PLC
BTU, Peabody Energy Corp
BUD, Anheuser-Busch InBev SA-NV
BURL, Burlington Stores Inc
BVN, Cia de Minas Buenaventura SAA ADR
BW, Babcock & Wilcox Enterprises Inc
BWA, BorgWarner Inc
BWXT, BWX Technologies Inc
BX, Blackstone Group LP-The
BXC, BlueLinx Holdings Inc
BXG, Bluegreen Vacations Corp
BXMT, Blackstone Mortgage Trust Inc
BXP, Boston Properties Inc
BXS, BancorpSouth Bank
BY, Byline Bancorp Inc
BYD, Boyd Gaming Corp
BZH, Beazer Homes USA Inc
C, Citigroup Inc.
CACC, Credit Acceptance Corp
CACI, CACI International Inc
CADE, Cadence BanCorp
CAE, CAE Inc
CAI, CAI International Inc
CAJ, Canon Inc
CALX, Calix Inc
CAPL, CrossAmerica Partners LP
CARR.US, Carrier Global Corp
CARS, Cars.com Inc
CAT, Caterpillar Inc.
CATO, Cato Corp-The
CB, Chubb Ltd
CBB, Cincinnati Bell Inc
CBD, Cia Brasileira de Distribuicao
CBG, CBRE Group Inc. (class A)
CBL, CBL & Associates Properties Inc
CBSH, Commerce Bancshares Inc-MO
CBT, Cabot Corp
CBU, Community Bank System Inc
CBZ, CBIZ Inc
CC, Chemours Co-The
CCC.US, Clarivate Analytics PLC
CCI, Crown Castle International Corp
CCJ, Cameco Corp
CCK, Crown Holdings Inc
CCL.US, Carnival Corp
CCO, Clear Channel Outdoor Holdings Inc
CCS, Century Communities Inc
CCU, Cia Cervecerias Unidas SA
CDE, Coeur Mining Inc
CDK, CDK Global Inc
CE, Celanese Corp
CEA, China Eastern Airlines Corp Ltd ADR
CEIX, CONSOL Energy Inc
CEL, Cellcom Israel Ltd
CEO, CNOOC Ltd ADR
CEQP, Crestwood Equity Partners LP
CERN, Cerner Corp
CF, CF Industries Holdings Inc.
CFG, Citizens Financial Group Inc
CFX, Colfax Corp
CGA, China Green Agriculture Inc
CGC, Canopy Growth Corp
CHA, China Telecom Corp Ltd ADR
CHCT, Community Healthcare Trust Inc
CHD, Church & Dwight Co Inc
CHE, Chemed Corp
CHGG, Chegg Inc
CHH, Choice Hotels International Inc
CHK, Chesapeake Energy Corp.
CHKP, Check Point Software Technologies Ltd
CHL, China Mobile Ltd ADR
CHMI, Cherry Hill Mortgage Investment Corp
CHRW, CH Robinson Worldwide Inc
CHS, Chico's FAS Inc
CHT, Chunghwa Telecom Co Ltd
CHTR, Charter Communications Inc
CHU, China Unicom Hong Kong Ltd ADR
CHWY, Chewy Inc (Class A)
CI, Cigna Corp
CIA, Citizens Inc-TX
CIB, Bancolombia SA
CIEN, Ciena Corp
CIM, Chimera Investment Corp
CINF, Cincinnati Financial Corp
CIO, City Office REIT Inc
CIR, CIRCOR International Inc
CIT, CIT Group Inc
CL, Colgate-Palmolive Co.
CLB, Core Laboratories NV
CLDR, Cloudera Inc
CLDT, Chatham Lodging Trust
CLF, Cleveland-Cliffs Inc.
CLGX, CoreLogic Inc-United States
CLH, Clean Harbors Inc
CLNC, Colony Credit Real Estate Inc
CLNS, Colony NorthStar Inc
CLS, Celestica Inc
CLW, Clearwater Paper Corp
CLX, Clorox Co
CM, Canadian Imperial Bank of Commerce
CMA, Comerica Inc
CMC, Commercial Metals Co
CMD, Cantel Medical Corp
CMG, Chipotle Mexican Grill Inc
CMO, Capstead Mortgage Corp
CMP, Compass Minerals International Inc
CMRE, Costamare Inc
CMS, CMS Energy Corp
CNC, Centene Corp
CNDT, Conduent Inc
CNHI, CNH Industrial NV
CNI, Canadian National Railway Co
CNK, Cinemark Holdings Inc
CNNE, Cannae Holdings Inc
CNO, CNO Financial Group Inc
CNP.US, CenterPoint Energy Inc
CNS, Cohen & Steers Inc
COG, Cabot Oil & Gas Corp.
COHR, Coherent Inc
COLD, Americold Realty Trust
COMM, CommScope Holding Co Inc
COPNY, ConocoPhillips Co.
COR, CoreSite Realty Corp
CORR, CorEnergy Infrastructure Trust Inc
COTY, Coty Inc
CP, Canadian Pacific Railway Ltd
CPA, Copa Holdings SA
CPB, Campbell Soup Co
CPE, Callon Petroleum Co
CPF, Central Pacific Financial Corp
CPK, Chesapeake Utilities Corp
CPLG, CorePoint Lodging Inc
CPRT, Copart Inc
CPS, Cooper-Standard Holdings Inc
CPT, Camden Property Trust
CR, Crane Co
CRC, California Resources Corp
CRH, CRH PLC ADR
CRI, Carter's Inc
CRK, Comstock Resources Inc
CRM, salesforce.com Inc
CRS, Carpenter Technology Corp
CRY, CryoLife Inc
CS, Credit Suisse Group AG
CSGP, CoStar Group Inc
CSLT, Castlight Health Inc
CSTM, Constellium SE
CSU, Capital Senior Living Corp
CSV, Carriage Services Inc
CTB, Cooper Tire & Rubber Co
CTLT, Catalent Inc
CTS, CTS Corp
CTT, CatchMark Timber Trust Inc
CTVA, Corteva Inc
CTXS, Citrix Systems Inc
CUB, Cubic Corp
CUBE, CubeSmart
CUBI, Customers Bancorp Inc
CUK, Carnival PLC
CURO, Curo Group Holdings Corp
CUZ, Cousins Properties Inc.
CVA, Covanta Holding Corp
CVE, Cenovus Energy Inc
CVEO, Civeo Corp
CVNA, Carvana Co
CVS, CVS Health Corp.
CVX, Chevron Corp.
CW, Curtiss-Wright Corp
CWH, Camping World Holdings Inc
CWT, California Water Service Group
CX, Cemex SAB de CV ADR
CXO, Concho Resources Inc
CXP, Columbia Property Trust Inc
CXW, CoreCivic Inc
CYD, China Yuchai International Ltd
CYH, Community Health Systems Inc.
CZZ, Cosan Ltd
D, Dominion Energy Inc
DAL, Delta Air Lines Inc.
DAN, Dana Inc
DAR, Darling Ingredients Inc
DASH.US, DoorDash Inc
DBD, Diebold Nixdorf Inc
DCO, Ducommun Inc
DCP, DCP Midstream LP
DDD, 3D Systems Corp
DDNY, DuPont de Nemours Inc
DDS, Dillard's Inc
DEA, Easterly Government Properties Inc
DECK, Deckers Outdoor Corp
DEI, Douglas Emmett Inc
DELL, Dell Technologies Inc
DEO, Diageo PLC
DESP, Despegar.com Corp
DFIN, Donnelley Financial Solutions Inc
DFS, Discover Financial Services
DG.US, Dollar General Corp
DGX, Quest Diagnostics Inc
DHI, DR Horton Inc
DHR, Danaher Corp
DHT, DHT Holdings Inc
DHX, DHI Group Inc
DIN, DineEquity Inc
DIS, The Walt Disney Co.
DISCA, Discovery Inc (Class A)
DK, Delek US Holdings Inc
DKL, Delek Logistics Partners LP
DKS, Dick's Sporting Goods Inc
DLB, Dolby Laboratories Inc
DLNG, Dynagas LNG Partners LP
DLR, Digital Realty Trust Inc
DLTR, Dollar Tree Inc
DLX, Deluxe Corp
DNOW, NOW Inc
DNR, Denbury Resources Inc.
DOC, Physicians Realty Trust
DOOR, Masonite International Corp
DOW, Dow Inc
DOX, Amdocs Ltd
DPZ, Domino's Pizza Inc
DQ, Daqo New Energy Corp ADR
DRD, DRDGOLD Ltd
DRE, Duke Realty Corp
DRH, Diamondrock Hospitality Co
DRI, Darden Restaurants Inc
DRQ, Dril-Quip Inc
DS, Drive Shack Inc
DSX, Diana Shipping Inc
DTE.US, DTE Energy Co
DUK, Duke Energy Corp
DVA, DaVita Inc
DVN, Devon Energy Corp
DX, Dynex Capital Inc
DXC, DXC Technology Co
DXCM, DexCom Inc
DY, Dycom Industries Inc
E, Eni SpA
EA, Electronic Arts Inc
EARN, Ellington Residential Mortgage REIT
EAT, Brinker International Inc
EB, Eventbrite Inc (Class A)
EBR, Centrais Electricas Brasileiras SA
EBS, Emergent BioSolutions Inc
EC, Ecopetrol SA
ECL, Ecolab Inc
ECOM, ChannelAdvisor Corp
ED, Consolidated Edison Inc
EDU, New Oriental Education & Technology Group Inc ADR
EEX, Emerald Expositions Events
EFC, Ellington Financial LLC
EFX, Equifax Inc
EGHT, 8x8 Inc
EGO, Eldorado Gold Corp
EGP, EastGroup Properties Inc
EGY, VAALCO Energy Inc
EIG, Employers Holdings Inc
EIX, Edison International
EL, Estee Lauder Cos Inc-The
ELF, elf Beauty Inc
ELVT, Elevate Credit Inc
ELY, Callaway Golf Co
EME, EMCOR Group Inc
EMN, Eastman Chemical Co
EMR, Emerson Electric Co
ENB, Enbridge Inc
ENBL, Enable Midstream Partners LP
ENLC, EnLink Midstream
ENR, Energizer Holdings Inc
ENS, EnerSys
ENV, Envestnet Inc
ENVA, Enova International Inc
ENZ, Enzo Biochem Inc
EOG, EOG Resources Inc
EPAC, Actuant Corp
EPAM, EPAM Systems Inc
EPC, Edgewell Personal Care Co
EPD, Enterprise Products Partners LP
EPR, EPR Properties
EPRT, Essential Properties Realty Trust
EQC, Equity Commonwealth
EQIX, Equinix Inc
EQR, Equity Residential
EQT, EQT Corp
ERF, Enerplus Corp
ERJ, Embraer SA
EROS, Eros International PLC
ES, Eversource Energy
ESE, ESCO Technologies Inc
ESNT1, Essent Group Ltd
ESRT, Empire State Realty Trust Inc
ESS, Essex Property Trust Inc
ESTE, Earthstone Energy Inc
ETHNY, Ethan Allen Interiors Inc
ETM, Entercom Communications Corp
ETN, Eaton Corp PLC
ETR, Entergy Corp
EVA, Enviva Partners LP
EVC, Entravision Communications Corp
EVH, Evolent Health Inc
EVRG.US, Evergy Inc
EVRI, Everi Holdings Inc
EVTC, EVERTEC Inc
EW, Edwards Lifesciences Corp
EXC, Exelon Corp
EXEL, Exelixis Inc
EXK, Endeavour Silver Corp
EXP, Eagle Materials Inc
EXPE, Expedia Inc
EXPR, Express Inc
EXR, Extra Space Storage Inc
EXTN, Exterran Corp
F, Ford Motor Co.
FANG, Diamondback Energy Inc
FBC, Flagstar Bancorp Inc
FBK, FB Financial Corp
FBM, Foundation Building Materials Inc
FBP, First BanCorp-Puerto Rico
FCFS, FirstCash Inc
FCN, FTI Consulting Inc
FCPT, Four Corners Property Trust Inc
FCX, Freeport-McMoRan Inc.
FDP, Fresh Del Monte Produce Inc
FDS, FactSet Research Systems Inc
FE, FirstEnergy Corp
FET, Forum Energy Technologies Inc
FF, FutureFuel Corp
FFIV, F5 Networks Inc
FHN, First Horizon National Corp
FI, Frank's International NV
FICO, Fair Isaac Corp
FIS, Fidelity National Information Services Inc
FISV, Fiserv Inc
FITB, Fifth Third Bancorp
FIX, Comfort Systems USA Inc
FIZZ, National Beverage Corp
FL, Foot Locker Inc
FLIR, FLIR Systems Inc
FLO, Flowers Foods Inc
FLR, Fluor Corp
FLS, Flowserve Corp
FLT, FleetCor Technologies Inc.
FMS, Fresenius Medical Care AG & Co KGaA
FN, Fabrinet
FNB, FNB Corp-PA
FND, Floor & Decor Holdings Inc
FOE, Ferro Corp
FOR, Forestar Group Inc
FOUR.US, Shift4 Payments Inc
FPH, Five Point Holdings LLC
FPI, Farmland Partners Inc
FRC, First Republic Bank-CA
FRO, Frontline Ltd-Bermuda
FROG, JFrog Ltd
FRT, Federal Realty Investment Trust
FSLR, First Solar Inc
FSLY, Fastly Inc
FSM, Fortuna Silver Mines Inc
FSR.US, Fisker Inc
FSS, Federal Signal Corp
FTAI, Fortress Transportation & Infrastructure Investors LLC
FTCH, Farfetch Ltd (Class A)
FTI, TechnipFMC PLC
FTK, Flotek Industries Inc
FTNT, Fortinet Inc
FTV, Fortive Corp
FUL, HB Fuller Co
FVRR, Fiverr International Ltd
FWONK, Liberty Media Corp-Liberty Formula One
G, Genpact Ltd
GATX, GATX Corp
GBXNY, Greenbrier Cos Inc-The
GCI, Gannett Co Inc
GD, General Dynamics Corp
GDDY, GoDaddy Inc
GDOT, Green Dot Corp
GDRX, GoodRx Holdings Inc
GE, General Electric Co.
GEF, Greif Inc
GELNY, Genesis Energy LP
GEO, GEO Group Inc-The
GES, Guess Inc
GFF, Griffon Corp
GFI, Gold Fields Ltd ADR
GHL, Greenhill & Co Inc
GIB, CGI Group Inc
GIL, Gildan Activewear Inc
GKOS, Glaukos Corp
GLOB, Globant SA
GLOG, GasLog Ltd
GLOP, GasLog Partners LP
GLP, Global Partners LP-MA
GLPI, Gaming and Leisure Properties Inc
GLT, PH Glatfelter Co
GLUS, Globe Life Inc
GLW, Corning Inc
GM, General Motors Co.
GME, Gamestop Corp (Class A)
GMED, Globus Medical Inc (Class A)
GMRE, Global Medical REIT Inc
GMS, GMS Inc
GNE, Genie Energy Ltd
GNL, Global Net Lease Inc
GNRC, Generac Holdings Inc
GNTX, Gentex Corp
GNW, Genworth Financial Inc (Class A)
GOL, Gol Linhas Aereas Inteligentes SA
GOLF, Acushnet Holdings Corp
GOOS, Canada Goose Holdings Inc
GPC, Genuine Parts Co
GPI, Group 1 Automotive Inc
GPK, Graphic Packaging Holding Co.
GPMT, Granite Point Mortgage Trust Inc
GPN, Global Payments Inc
GPRK, Geopark Ltd
GPS, The Gap Inc.
GPX, GP Strategies Corp
GRA, WR Grace & Co
GRC, Gorman-Rupp Co-The
GRMN, Garmin Ltd
GRUB, GrubHub Inc
GS, Goldman Sachs Group Inc.
GSBD, Goldman Sachs BDC Inc
GSH, Guangshen Railway Co Ltd ADR
GSL, Global Ship Lease Inc
GSX, GSX Techedu Inc ADR
GT, Goodyear Tire & Rubber Co-The
GTN, Gray Television Inc
GTS, Triple-S Management Corp
GTT, GTT Communications Inc
GTY, Getty Realty Corp
GVA, Granite Construction Inc
GWB, Great Western Bancorp Inc
GWRE, Guidewire Software Inc
GWW, WW Grainger Inc
H, Hyatt Hotels Corp (Class A)
HAE, Haemonetics Corp
HAL, Halliburton Co.
HASI, Hannon Armstrong Sustainable Infrastructure Capital Inc
HBAN, Huntington Bancshares Inc-OH
HBB, Hamilton Beach Brands Holding Co
HBI, Hanesbrands Inc
HBM, Hudbay Minerals Inc
HCA, HCA Healthcare Inc
HCC, Warrior Met Coal Inc
HCHC, HC2 Holdings Inc
HCI, HCI Group Inc
HD, Home Depot Inc.
HDB, HDFC Bank Ltd
HE, Hawaiian Electric Industries Inc
HEICA, HEICO Corp (Class A)
HEICO, HEICO Corp
HEP, Holly Energy Partners LP
HES, Hess Corp.
HESM, Hess Midstream Partners LP
HFC, HollyFrontier Corp
HGV, Hilton Grand Vacations Inc
HI, Hillenbrand Inc
HIG, Hartford Financial Services Group Inc-The
HII, Huntington Ingalls Industries Inc
HIL, Hill International Inc
HL, Hecla Mining Co
HLF, Herbalife Ltd
HLI, Houlihan Lokey Inc
HLT, Hilton Worldwide Holdings Inc
HLX, Helix Energy Solutions Group Inc
HMC, Honda Motor Co Ltd
HMI, Huami Corp ADR
HMLP, Hoegh LNG Partners LP
HMN, Horace Mann Educators Corp
HMY, Harmony Gold Mining Co Ltd ADR
HNI, HNI Corp
HNP, Huaneng Power International Inc ADR
HOG, Harley-Davidson Inc
HOLX, Hologic Inc
HOME.US, At Home Group Inc
HON, Honeywell International Inc
HOV, Hovnanian Enterprises Inc
HP, Helmerich & Payne Inc
HPE, Hewlett Packard Enterprise Co
HPP, Hudson Pacific Properties Inc
HPQ, Hewlett-Packard Co.
HR, Healthcare Realty Trust Inc
HRB, H&R Block Inc
HRC, Hill-Rom Holdings Inc
HRTG, Heritage Insurance Holdings Inc
HSBC, HSBC Holdings PLC
HSC, Harsco Corp
HSIC, Henry Schein Inc
HST, Host Hotels & Resorts Inc.
HSY, Hershey Co-The
HT, Hersha Hospitality Trust
HTA, Healthcare Trust of America Inc
HTGC, Hercules Capital Inc
HTH, Hilltop Holdings Inc
HTZ, Hertz Global Holdings Inc.
HUBB, Hubbell Inc
HUBS, HubSpot Inc
HUM, Humana Inc
HUN, Huntsman Corp.
HUYA, HUYA Inc ADR
HVT, Haverty Furniture Cos Inc
HWM.US, Howmet Aerospace Inc
HXL, Hexcel Corp
HYLN.US, Hyliion Holdings Corp
HZN, Horizon Global Corp
HZO, MarineMax Inc
IAA, IAA Inc
IAC, IAC-InterActiveCorp
IAG.US, IAMGOLD Corp
IBM, IBM Corp
IBN, ICICI Bank Ltd
IBP, Installed Building Products Inc
ICD, Independence Contract Drilling Inc
ICE, Intercontinental Exchange Inc
ICL, Israel Chemicals Ltd
IDA, IDACORP Inc
IDT, IDT Corp
IDXX, IDEXX Laboratories Inc
IEX, IDEX Corp
IGT, International Game Technology PLC
IIPR, Innovative Industrial Properties Inc
ILMN, Illumina Inc
IMAX, IMAX Corp
INFY, Infosys Ltd.
ING, ING Groep NV
INGR, Ingredion Inc
INN, Summit Hotel Properties Inc
INSW, International Seaways Inc
INT, World Fuel Services Corp
IO, ION Geophysical Corp
IONS, Ionis Pharmaceuticals Inc
IP, International Paper Co
IPG, Interpublic Group of Cos Inc-The
IPGP, IPG Photonics Corp
IPHI, Inphi Corp
IPI, Intrepid Potash Inc
IQV, IQVIA Holdings Inc
IR, Ingersoll-Rand PLC
IRET, Investors Real Estate Trust
IRT, Independence Realty Trust Inc
IT, Gartner Inc.
ITCB, Itau CorpBanca ADR
ITGR, Integer Holdings Corp
ITT, ITT Inc
ITUB, Itau Unibanco Banco Holding SA
IVC, Invacare Corp
IVR, Invesco Mortgage Capital Inc
IX, ORIX Corp ADR
J.US, Jacobs Engineering Group Inc
JAX, J Alexander's Holdings Inc
JAZZ, Jazz Pharmaceuticals PLC
JBGS, JBG SMITH Properties
JBHT, JB Hunt Transport Services Inc
JBL, Jabil Inc
JBT, John Bean Technologies Corp
JCI, Johnson Controls International plc
JD, JD.com Inc ADR
JE, Just Energy Group Inc
JELD, JELD-WEN Holding Inc
JHG, Janus Henderson Group PLC
JHX, James Hardie Industries PLC ADR
JILL, J. Jill Inc
JKHY, Jack Henry & Associates Inc
JKS, JinkoSolar Holding Co Ltd ADR
JMIA.US, Jumia Technologies AG
JNJ, Johnson and Johnson
JNPR, Juniper Networks Inc.
JOE, St Joe Co-The
JPM, JP Morgan Chase and Co.
JWA, John Wiley & Sons Inc
KAMN, Kaman Corp
KAR, KAR Auction Services Inc
KB, KB Financial Group Inc
KBH, KB Home
KBR, KBR Inc
KDMN, Kadmon Holdings Inc
KEP, Korea Electric Power Corp
KEX, Kirby Corp
KEY, KeyCorp.
KEYS, Keysight Technologies Inc
KFY, Korn-Ferry International
KGC, Kinross Gold Corp.
KHC, Kraft Heinz Co-The
KIM, Kimco Realty Corp
KKR, KKR & Co LP
KL, Kirkland Lake Gold Ltd
KLAC, KLA-Tencor Corp
KMB, Kimberly-Clark Corp
KMI, Kinder Morgan Inc.
KMPR, Kemper Corp
KMT, Kennametal Inc
KMX, CarMax Inc.
KNL, Knoll Inc
KNOP, KNOT Offshore Partners LP
KNX, Knight-Swift Transportation Holdings Inc
KO, The Coca-Cola Co.
KODK, Eastman Kodak Co
KOP, Koppers Holdings Inc
KORS, CAPRI HOLDINGS LTD
KOS, Kosmos Energy Ltd
KR, The Kroger Co.
KRA, Kraton Corp
KREF, KKR Real Estate Finance Trust Inc
KRG, Kite Realty Group Trust
KRO, Kronos Worldwide Inc
KSS, Kohl's Corp.
KSU, Kansas City Southern
KT, KT Corp
KTB, Kontoor Brands Inc
KW, Kennedy-Wilson Holdings Inc
KWR, Quaker Chemical Corp
L, Loews Corp
LAC.US, Lithium Americas Corp
LAD, Lithia Motors Inc
LADR, Ladder Capital Corp
LAMR, Lamar Advertising Co
LAZ, Lazard Ltd
LB, L Brands Inc.
LBRDA, Liberty Broadband Corp
LC, LendingClub Corp
LCI, Lannett Co Inc
LCII, LCI Industries
LDL, Lydall Inc
LEA, Lear Corp
LECO, Lincoln Electric Holdings Inc
LEE, Lee Enterprises Inc
LEG.US, Leggett & Platt Inc
LEN, Lennar Corp
LEVI, Levi Strauss & Co
LFC, China Life Insurance Co Ltd ADR
LGFA, Lions Gate Entertainment Corp (Class A)
LH, Laboratory Corp of America Holdings
LII, Lennox International Inc
LIN.US, Linde PLC
LKQ, LKQ Corp
LL, Lumber Liquidators Holdings Inc
LLY, Eli Lilly and Co.
LMND.US, Lemonade Inc
LMT, Lockheed Martin Corp
LNN, Lindsay Corp
LPG, Dorian LPG Ltd
LPI, Laredo Petroleum Inc
LPL, LG Display Co Ltd
LPX, Louisiana-Pacific Corp
LRCX, Lam Research Corp
LRN, K12 Inc
LSI, Life Storage Inc
LSXMK, Liberty Media Corp-Liberty SiriusXM
LTCNY, LTC Properties Inc
LTM, Latam Airlines Group SA
LU.US, Lufax Holding Ltd ADR
LULU, Lululemon Athletica Inc
LUMN, Lumen Technologies Inc
LUV, Southwest Airlines Co
LXFR, Luxfer Holdings PLC
LXP, Lexington Realty Trust
LXU, LSB Industries Inc
LYB, LyondellBasell Industries NV
LYV, Live Nation Entertainment Inc
LZB, La-Z-Boy Inc
M, Macy's Inc.
MA, Mastercard Inc
MAA, Mid-America Apartment Communities Inc
MAC, Macerich Co-The
MAIN, Main Street Capital Corp
MAS.US, Masco Corp
MAT, Mattel Inc
MAXR, Maxar Technologies Ltd
MBI, MBIA Inc
MBT, Mobile TeleSystems OJSC.
MCD, McDonalds Corp.
MCFE, McAfee Corp (Class A)
MCHP, Microchip Technology Inc
MCK, McKesson Corp
MCY, Mercury General Corp
MD, MEDNAX Inc
MDP, Meredith Corp
MDT, Medtronic PLC
MDU, MDU Resources Group Inc
MED, Medifast Inc
MEI, Methode Electronics Inc
MET, MetLife Inc.
MFA, MFA Financial Inc
MFC, Manulife Financial Corp
MG, Mistras Group Inc
MGM, MGM Resorts International
MGNI, Magnite Inc.
MGP, MGM Growth Properties LLC
MHO, M-I Homes Inc
MIC, Macquarie Infrastructure Corp
MITT, AG Mortgage Investment Trust Inc
MKC, McCormick & Co Inc-MD
MKTX, MarketAxess Holdings Inc
MLI, Mueller Industries Inc
MMC, Marsh & McLennan Cos Inc
MMI, Marcus & Millichap Inc
MMM, 3M Company
MMP, Magellan Midstream Partners LP
MMS, MAXIMUS Inc
MN, Manning & Napier Inc
MNK, Mallinckrodt PLC
MNR, Monmouth Real Estate Investment Corp
MNST, Monster Beverage Corp
MO, Altria Group Inc.
MOD, Modine Manufacturing Co
MODN, Model N Inc
MOGA, Moog Inc
MOH, Molina Healthcare Inc
MOS, Mosaic Co-The
MOV, Movado Group Inc
MP.US, Mp Materials Corp
MPC, Marathon Petroleum Corp
MPLX, MPLX LP
MPW, Medical Properties Trust Inc.
MRK, Merck & Co Inc.
MRO, Marathon Oil Corp.
MRVL, Marvell Technology Group Ltd
MS, Morgan Stanley Inc.
MSA, MSA Safety Inc
MSB, Mesabi Trust
MSGN, MSG Networks Inc
MSM, MSC Industrial Direct Co Inc
MT, ArcelorMittal SA
MTB, M&T Bank Corp
MTCH, Match Group Inc
MTD, Mettler-Toledo International Inc
MTDR, Matador Resources Co
MTG, MGIC Investment Corp
MTH, Meritage Homes Corp
MTN, Vail Resorts Inc
MTOR, Meritor Inc
MTRN, Materion Corp
MTW, Manitowoc Co Inc-The
MTZ, MasTec Inc
MUR, Murphy Oil Corp
MUSA, Murphy USA Inc
MUX, McEwen Mining Inc
MWA, Mueller Water Products Inc
MX, MagnaChip Semiconductor Corp
MXL, MaxLinear Inc
NAT, Nordic American Tankers Ltd
NAV, Navistar International Corp
NBHC, National Bank Holdings Corp
NBLX, Noble Midstream Partners LP
NBR, Nabors Industries Ltd.
NCR, NCR Corp
NDAQ, Nasdaq Inc
NDSN, Nordson Corp
NEM, Newmont Mining Corp
NEP, NextEra Energy Partners LP
NET, CloudFlare Inc
NETI, Eneti Inc
NEWR, New Relic Inc
NEXA1, Nexa Resources SA
NGG, National Grid PLC
NGL, NGL Energy Partners LP
NGVC, Natural Grocers by Vitamin Cottage Inc
NGVT, Ingevity Corp
NHI, National Health Investors Inc
NI, NiSource Inc
NIO, NIO Inc
NJR, New Jersey Resources Corp
NKE, Nike Inc. (class B)
NL, NL Industries Inc
NLS, Nautilus Inc
NLSN, Nielsen Holdings PLC
NLY, Annaly Capital Management Inc.
NMR, Nomura Holdings Inc
NNA, Navios Maritime Acquisition Corp
NNI, Nelnet Inc
NNN, National Retail Properties Inc
NOA, North American Energy Partners Inc
NOAH, Noah Holdings Ltd ADR
NOC, Northrop Grumman Corp
NOK, Nokia Oyj ADR
NOMD, Nomad Foods Ltd
NOVA.US, Sunnova Energy International Inc
NOW, ServiceNow Inc
NPO, EnPro Industries Inc
NPTN, NeoPhotonics Corp
NR, Newpark Resources Inc
NRG, NRG Energy Inc.
NRZ, New Residential Investment Corp
NS, NuStar Energy LP
NSA, National Storage Affiliates Trust
NSC, Norfolk Souther Corp
NSP, Insperity Inc
NTAP, NetApp Inc
NTB, Bank of NT Butterfield & Son Ltd-The
NTP, Nam Tai Property Inc
NTRS, Northern Trust Corp
NUE, Nucor Corp
NUS, Nu Skin Enterprises Inc
NVGS, Navigator Holdings Ltd
NVR.US, NVR Inc
NVRO, Nevro Corp
NVTA, Invitae Corp
NWE, NorthWestern Corp
NWHM, New Home Co Inc-The
NWL, Newell Brands Inc
NWN, Northwest Natural Gas Co
NWS, News Corp
NX, Quanex Building Products Corp
NXPI, NXP Semiconductors NV
NXRT, NexPoint Residential Trust
NYCB, New York Community Bancorp Inc
NYT, New York Times Co-The
O, Realty Income Corp
OAS, Oasis Petroleum Inc.
OCN, Ocwen Financial Corp
ODFL, Old Dominion Freight Line Inc
OEC, Orion Engineered Carbons SA
OFC, Corporate Office Properties Trust
OFG, OFG Bancorp
OGE, OGE Energy Corp
OGR, Osisko Gold Royalties Ltd
OGS, ONE Gas Inc
OHI, Omega Healthcare Investors Inc
OI, Owens-Illinois Inc
OI.US, O-I Glass Inc
OII, Oceaneering International Inc
OIS, Oil States International Inc
OLED, Universal Display Corp
OLN, Olin Corp
OMC, Omnicom Group Inc
OMF, OneMain Holdings Inc
OMI, Owens & Minor Inc
ON, ON Semiconductor Corp
OOMA, Ooma Inc
OPY, Oppenheimer Holdings Inc
ORC, Orchid Island Capital Inc
ORCL, Oracle Corp.
ORI, Old Republic International Corp
ORN, Orion Group Holdings Inc
OSK, Oshkosh Corp
OTEX, Open Text Corp
OTIS.US, Otis Worldwide Corp
OUT, Outfront Media Inc
OVV, Ovintiv Inc
OXM, Oxford Industries Inc
OXY, Occidental Petroleum Corp
PAA, Plains All American Pipeline LP
PACW, PacWest Bancorp
PAGP, Plains GP Holdings LP
PANW, Palo Alto Networks Inc
PAR, PAR Technology Corp
PARR, Par Pacific Holdings Inc
PAYC, Paycom Software Inc
PB, Prosperity Bancshares Inc
PBA, Pembina Pipeline Corp
PBCT, People's United Financial Inc
PBF, PBF Energy Inc
PBFX, PBF Logistics LP
PBH, Prestige Consumer Healthcare
PBI, Pitney Bowes Inc
PBR, Petroleo Brasileiro SA ADR
PBRA, PETROLEO BRASILEIRO (PETROBRAS) SA
PBT, Permian Basin Royalty Trust
PCAR, PACCAR Inc
PCG, PG&E Corp
PDM, Piedmont Office Realty Trust Inc
PDS, Precision Drilling Corp
PEAK, HEALTHPEAK PROPERTIES INC
PEB, Pebblebrook Hotel Trust
PEG, Public Service Enterprise Group Inc
PEN, Penumbra Inc
PER, SandRidge Permian Trust
PFE, Pfizer
PFGC, Performance Food Group Co
PFS, Provident Financial Services Inc
PFSI, PennyMac Financial Services Inc
PG, Procter and Gamble Co.
PGR, Progressive Corp-The
PGRE, Paramount Group Inc
PGTI, PGT Innovations Inc
PH, Parker-Hannifin Corp
PHG, Koninklijke Philips NV
PHI, PLDT Inc
PHM, PulteGroup Inc.
PINS, Pinterest Inc
PJT, PJT Partners Inc
PK, Park Hotels & Resorts Inc
PKE, Park Aerospace Corp
PKG, Packaging Corp of America
PKI, PerkinElmer Inc
PKX, POSCO
PLD, Prologis Inc
PLNT, Planet Fitness Inc
PLOW, Douglas Dynamics Inc
PLT, Plantronics Inc
PLTR, PALANTIR TECHNOLOGIES INC (Class A)
PM, Philip Morris International Inc.
PMT, PennyMac Mortgage Investment Trust
PNC, PNC Financial Services Group Inc-The
PNM, PNM Resources Inc
PNR, Pentair PLC
PNW, Pinnacle West Capital Corp
POR, Portland General Electric Co
POST, Post Holdings Inc
PPG, PPG Industries Inc
PPL, PPL Corp
PQG, PQ Group Holdings Inc
PRA, ProAssurance Corp
PRGO, Perrigo Co PLC
PRI, Primerica Inc
PRLB, Proto Labs
PRO, PROS Holdings Inc
PRTY, Party City Holdco Inc
PSA, Public Storage
PSB, PS Business Parks Inc
PSO, Pearson PLC
PSTG, Pure Storage Inc
PSX, Phillips 66
PSXP, Phillips 66 Partners LP
PTR, PetroChina Co Ltd ADR
PTVE, Pactiv Evergreen Inc
PUK, Prudential PLC
PUMP, ProPetro Holding Corp
PVG, Pretium Resources Inc
PVH, PVH Corp
PVL, Permianville Royalty Trust
PWR, Quanta Services Inc
PZN, Pzena Investment Management Inc
QD, Qudian Inc ADR
QEP, QEP Resources Inc.
QGEN, Qiagen NV
QRVO, Qorvo Inc
QS.US, QuantumScape Corp (Class A)
QSR, Restaurant Brands International Inc
QTS, QTS Realty Trust Inc
QTWO, Q2 Holdings Inc
QUAD, Quad-Graphics Inc
QUOT, Quotient Technology Inc
R, Ryder System Inc
RACE, Ferrari NV
RAD, Rite Aid Corp.
RBA, Ritchie Bros Auctioneers Inc
RBC, Regal Beloit Corp
RCI, Rogers Communications Inc
RDN, Radian Group Inc
RDSA., ROYAL DUTCH SHELL Plc. (class A)
RDSB.US, Royal Dutch Shell PLC ADR (Class B )
RDY, Dr Reddy's Laboratories Ltd-ADR
RE, Everest Re Group Ltd
REGN, Regeneron Pharmaceuticals Inc
RELX, RELX PLC
RENN, Renren Inc ADR
RES, RPC Inc
REV, Revlon Inc
REVG, REV Group Inc
REXR, Rexford Industrial Realty Inc
RF, Regions Financial Corp.
RFP, Resolute Forest Products Inc
RGA, Reinsurance Group of America Inc
RGLD, Royal Gold Inc
RGR, Sturm Ruger & Co Inc
RGS, Regis Corp
RH, RH
RHI, Robert Half International Inc
RHP, Ryman Hospitality Properties Inc
RIG, Transocean Ltd.
RJF, Raymond James Financial Inc
RL, Ralph Lauren Corp
RLGY, Realogy Holdings Corp
RLH, Red Lion Hotels Corp
RLI, RLI Corp
RLJ, RLJ Lodging Trust
RM, Regional Management Corp
RMAX, RE-MAX Holdings Inc
RMD, ResMed Inc
RMO.US, Romeo Power Inc
RNG, RingCentral Inc
RNR, RenaissanceRe Holdings Ltd
ROL, Rollins Inc
ROP, Roper Technologies Inc
ROST, Ross Stores Inc
ROYT, Pacific Coast Oil Trust
RPAI, Retail Properties of America Inc
RPT, Ramco-Gershenson Properties Trust
RRC, Range Resources Corp.
RRD, RR Donnelley & Sons Co
RS, Reliance Steel & Aluminum Co
RSG, Republic Services Inc
RTX, Raytheon Technologies Corp.
RWT, Redwood Trust Inc
RXN, Rexnord Corp
RYAAY, Ryanair Holdings PLC
RYAM, Rayonier Advanced Materials Inc
RYCE, Amira Nature Foods Ltd
RYI, Ryerson Holding Corp
RYN, Rayonier Inc
SA, Seabridge Gold Inc
SABR, Sabre Corp
SAFE.US, Safehold Inc
SAH, Sonic Automotive Inc
SAIC, Science Applications International Corp
SAIL, SailPoint Technologies Holding Inc
SAM, Boston Beer Co Inc-The
SAND, Sandstorm Gold Ltd
SATS, EchoStar Corp
SB, Safe Bulkers
SBH, Sally Beauty Holdings Inc
SBNY, Signature Bank-New York NY
SBS.US, Cia de Saneamento Basico do Estado de Sao Paulo ADR
SCHW, The Charles Schwab Corp.
SCL, Stepan Co
SCS, Steelcase Inc
SCU, Sculptor Capital Management In
SD, SandRidge Energy Inc
SE, Sea Ltd
SEAS, SeaWorld Entertainment Inc
SEIC, SEI Investments Co
SEM, Select Medical Holdings Corp
SF, Stifel Financial Corp
SFE, Safeguard Scientifics Inc
SFL, Ship Finance International Ltd
SGEN, Seattle Genetics Inc
SGU, Star Group LP
SHAK, Shake Shack Inc
SHG, Shinhan Financial Group Co Ltd
SHI.US, Sinopec Shanghai Petrochemical Co Ltd ADR
SHLX, Shell Midstream Partners LP
SHO, Sunstone Hotel Investors Inc
SHOP, Shopify Inc
SIG, Signet Jewelers Ltd
SINA, SINA Corp-China
SITC, SITE Centers Corp
SITE, SiteOne Landscape Supply Inc
SIX, Six Flags Entertainment Corp
SJI, South Jersey Industries Inc
SJM, JM Smucker Co-The
SJT, San Juan Basin Royalty Trust
SJW, SJW Group
SKM, SK Telecom Co Ltd
SKT, Tanger Factory Outlet Centers Inc
SKX, Skechers U.S.A. Inc.
SLB, Schlumberger Ltd.
SLCA, US Silica Holdings Inc
SLF, Sun Life Financial Inc
SM, SM Energy Co
SMFG, Sumitomo Mitsui Financial Group Inc
SMG, Scotts Miracle-Gro Co-The
SMHI, SEACOR Marine Holdings Inc
SNA, Snap-On Inc.
SNAP, SNAP (Class A)  Inc.
SNDR, Schneider National Inc
SNE, Sony Corp
SNN, Smith & Nephew PLC ADR
SNOW, Snowflake Inc
SNP, China Petroleum & Chemical Corp ADR
SNPS, Synopsys Inc
SNR.US, New Senior Investment Group Inc
SNV, Synovus Financial Corp
SNX, Synnex Corp
SNY, Sanofi
SO, Southern Co
SOGO, Sogou Inc ADR
SON, Sonoco Products Co
SPB, Spectrum Brands Holdings Inc
SPCE, VIRGIN GALACTIC HOLDINGS INC
SPGI, S&P Global Inc
SPH, Suburban Propane Partners LP
SPOT, Spotify Technology SA
SPXC, SPX Corp
SQ, Square Inc
SQM, Sociedad Quimica y Minera de Chile SA
SR, Spire Inc
SRC, Spirit Realty Capital Inc.
SRE, Sempra Energy
SRG, Seritage Growth Properties
SRID, Stoneridge Inc
SRLP, Sprague Resources LP
SRT, StarTek Inc
SSD, Simpson Manufacturing Co Inc
SSL, Sasol Ltd
SSNC, SS&C Technologies Holdings Inc
SSP, EW Scripps Co-The
SSTK, Shutterstock Inc
ST, Sensata Technologies Holding NV
STAG, STAG Industrial Inc
STAR, iStar Inc
STAY, Extended Stay America Inc
STC, Stewart Information Services Corp
STE, STERIS PLC
STL.US, Sterling Bancorp
STLA, STELLANTIS NV
STLD, Steel Dynamics Inc
STM, STMicroelectronics NV
STNG, Scorpio Tankers Inc
STOR, STORE Capital Corp
STT, State Street Corp
STX, Seagate Technology PLC
STZ, Constellation Brands (Class A)
SUI, Sun Communities Inc
SUM, Summit Materials Inc
SUP, Superior Industries International Inc
SWCH, Switch IncSwitch Inc
SWK, Stanley Black & Decker Inc
SWM, Schweitzer-Mauduit International Inc
SWN, Southwestern Energy Co.
SWX, Southwest Gas Holdings Inc
SXC, SunCoke Energy Inc
SXT, Sensient Technologies Corp
SYK, Stryker Corp
SYX, Systemax Inc
T, AT&T Inc.
TAK, Takeda Pharmaceutical Co Ltd ADR
TAL, TAL Education Group ADR
TAP, Molson Coors Brewing Co
TARO, Taro Pharmaceutical Industries Ltd
TBI, TrueBlue Inc
TCF, TCF Financial Corp
TCO, Taubman Centers Inc
TCOM, Trip.com Group Limited ADR
TCP, TC PipeLines LP
TCS1, Container Store Group Inc-The
TD, Toronto-Dominion Bank-The
TDC, Teradata Corp
TDOC, Teladoc Inc
TDS, Telephone & Data Systems Inc
TDW, Tidewater Inc
TDY, Teledyne Technologies Inc
TEAM, Atlassian Corp PLC
TECK, Teck Resources Ltd. (class B)
TEL, TE Connectivity Ltd
TEN, Tenneco Inc
TEO, Telecom Argentina SA
TER, Teradyne Inc
TEVA, Teva Pharmaceutical Industries Ltd.
TEX, Terex Corp
TFC, Truist Financial Corp
TFX, Teleflex Inc
TG, Tredegar Corp
TGH, Textainer Group Holdings Ltd
TGI, Triumph Group Inc
TGNA, TEGNA Inc
TGP, Teekay LNG Partners LP
TGT, Target Corp.
THC, Tenet Healthcare Corp
THG, Hanover Insurance Group Inc-The
THO, Thor Industries Inc
THR, Thermon Group Holdings Inc
THS, TreeHouse Foods Inc
TIF, Tiffany & Co
TISI, Team Inc
TJX, TJX Companies Inc.
TK, Teekay Corp
TKC, Turkcell Iletisim Hizmetleri AS ADR
TKR, Timken Co-The
TLK, Telekomunikasi Indonesia Persero Tbk PT ADR
TLRD, Tailored Brands Inc
TLYS, Tilly's Inc
TM, Toyota Motor Corp
TME, Tencent Music Entertainment Group ADR
TMHC, Taylor Morrison Home Corp
TMST, TimkenSteel Corp
TNC, Tennant Co
TNK, Teekay Tankers Ltd
TNP, Tsakos Energy Navigation Ltd
TOL, Toll Brothers Inc
TOT, TOTAL SE-SPON ADR
TPB, Turning Point Brands Inc
TPC, Tutor Perini Corp
TPH, TRI Pointe Group Inc
TPR, Tapestry Inc
TPRE, Third Point Reinsurance Ltd
TPX, Tempur Sealy International Inc
TRC, Tejon Ranch Co
TREC, Trecora Resources
TREX, Trex Co Inc
TRN, Trinity Industries Inc
TRNO, Terreno Realty Corp
TROI, Tootsie Roll Industries Inc
TROX, Tronox Ltd
TRQ, Turquoise Hill Resources Ltd
TRTN, Triton International Ltd-Bermuda
TRTX, TPG RE Finance Trust Inc
TRU, TransUnion
TRV, The Travelers Companies  Inc.
TS, Tenaris SA
TSE, Trinseo SA
TSLX, TPG Specialty Lending Inc
TSM, Taiwan Semiconductor Manufacturing Co Ltd
TSN, Tyson Foods Inc
TSQ, Townsquare Media Inc
TSU, TIM Participacoes SA
TT.US, Trane Technologies PLC
TTC, Toro Co-The
TTM, Tata Motors Ltd
TTWO, Take-Two Interactive Software Inc
TUP, Tupperware Brands Corp
TV, Grupo Televisa SAB
TWI, Titan International Inc
TWLO, Twilio Inc
TWO, Two Harbors Investment Corp
TWTR, Twitter  Inc.
TX, Ternium SA
TXN, Texas Instruments Inc
U.US, Unity Software Inc
UA, Under Armour Inc (Class C)
UAL, United Continental Holdings Inc
UAN, CVR Partners LP
UBA, Urstadt Biddle Properties Inc
UBER, Uber Technologies Inc
UBS, UBS Group AG
UDR, UDR Inc
UE, Urban Edge Properties
UFI, Unifi Inc
UFS, Domtar Corp
UGP, Ultrapar Participacoes SA
UHAL, Amerco
UHT, Universal Health Realty Income Trust
UINY, Ubiquiti Inc
UIS, Unisys Corp
UL.US, Unilever PLC ADR
ULTA, Ulta Beauty Inc
UMC, United Microelectronics Corp
UMH, UMH Properties Inc
UNH, UnitedHealth Group Inc
UNM, Unum Group
UNP, Union Pacific Corp
UNT, Unit Corp
UNVR, Univar Inc
UPS, United Parcel Service Inc
USAC, USA Compression Partners LP
USB, US Bancorp
USDP, USD Partners LP
USM, United States Cellular Corp
USNA, USANA Health Sciences Inc
USPH, US Physical Therapy Inc
UTHR, United Therapeutics Corp
UTI, Universal Technical Institute Inc
UTL, Unitil Corp
UVE, Universal Insurance Holdings Inc
UVV, Universal Corp-VA
V, Visa Inc. (class A)
VALE, VALE SA
VAR, Varian Medical Systems Inc
VC, Visteon Corp
VCRA, Vocera Communications Inc
VEDL, Vedanta Ltd
VEEV, Veeva Systems Inc
VER, VEREIT Inc
VET, Vermilion Energy Inc
VG, Vonage Holdings Corp
VGR, Vector Group Ltd
VHI, Valhi Inc
VIAC, ViacomCBS Inc (Class B)
VIPS, Vipshop Holdings Ltd ADR
VIV, Telefonica Brasil SA
VLO, Valero Energy Corp
VLY, Valley National Bancorp
VMC, Vulcan Materials Co
VMI, Valmont Industries Inc
VMW, VMware Inc
VNO, Vornado Realty Trust
VNT.US, Vontier Corp
VNTR, Venator Materials PLC
VOC, Voc Energy Trust
VPG, Vishay Precision Group
VRS, Verso Corp
VRTV, Veritiv Corp
VSH, Vishay Intertechnology Inc
VST, Vistra Energy Corp
VSTO, Vista Outdoor Inc
VTR, Ventas Inc
VVI, Viad Corp
VVV, Valvoline Inc
VZ, Verizon Communications
W, Wayfair Inc
WAB, Wabtec Corp-DE
WAL, Western Alliance Bancorp
WAT, Waters Corp
WB, Weibo Corp ADR
WBA, Walgreens Boots Alliance Inc
WBS, Webster Financial Corp
WBT, Welbilt Inc
WCC, WESCO International Inc
WCN, Waste Connections Inc
WD, Walker & Dunlop Inc
WDAY, Workday Inc
WDC, Western Digital Corp
WDR, Waddell & Reed Financial Inc
WEC, WEC Energy Group Inc
WELL, Welltower Inc
WEX, WEX Inc
WFC, Wells Fargo & Co.
WGO, Winnebago Industries Inc
WHG, Westwood Holdings Group Inc
WHR, Whirlpool Corp
WIT, Wipro Ltd
WK, Workiva Inc
WLK, Westlake Chemical Corp
WLKP, Westlake Chemical Partners LP
WLL, Whiting Petroleum Corp.
WLTW, Willis Towers Watson PLC
WMB, Williams Cos Inc-The
WMC, Western Asset Mortgage Capital Corp
WMK, Weis Markets Inc
WMS, Advanced Drainage Systems Inc
WMT, Wal-Mart Stores Inc.
WNC, Wabash National Corp
WORK, Slack Technologies Inc (Class A)
WOW, WideOpenWest Inc
WPC, WP Carey Inc
WPM, Wheaton Precious Metals Corp
WRB, WR Berkley Corp
WRE, Washington Real Estate Investment Trust
WRI, Weingarten Realty Investors
WRK, WestRock Co
WSM, Williams-Sonoma Inc
WSO, Watsco Inc
WSR, Whitestone REIT
WST, West Pharmaceutical Services Inc
WTIN, W&T Offshore Inc
WTR, Essential Utilities Inc
WTS, Watts Water Technologies Inc
WTTR, Select Energy Services Inc
WU, The Western Union Co.
WWE, World Wrestling Entertainment Inc
WWW, Wolverine World Wide Inc
WYNN, Wynn Resorts Ltd
X, United States Steel Corp.
XEL, Xcel Energy Inc
XHR, Xenia Hotels & Resorts Inc
XL.US, XL Fleet Corp
XLNX, Xilinx Inc
XOM, Exxon Mobil Corp.
XPEV, Xpeng Inc ADR
XRAY, DENTSPLY SIRONA Inc
XRX, Xerox Holdings Corp
XYL, Xylem Inc-NY
Y, Alleghany Corp
YELP, Yelp Inc
YEXT, Yext Inc
YNDX, Yandex NV
YRD, Yiren Digital Ltd ADR
YUM, Yum! Brands Inc
YUMC, Yum China Holdings Inc
Z, Zillow Group Inc
ZEN, Zendesk Inc
ZION, Zions Bancorporation
ZNH, China Southern Airlines Co Ltd ADR
ZTO, ZTO Express Cayman Inc ADR
ZTS, Zoetis Inc
